<?xml version="1.0" encoding="UTF-8"?>
<metadata xml:lang="en"><Esri><CreaDate>20180725</CreaDate><CreaTime>11145600</CreaTime><ArcGISFormat>1.0</ArcGISFormat><SyncOnce>FALSE</SyncOnce><DataProperties><lineage><Process ToolSource="c:\program files (x86)\arcgis\desktop10.6\ArcToolbox\Toolboxes\Data Management Tools.tbx\CalculateField" Date="20180725" Time="111456">CalculateField ArchaeoGLOBE_Regions World_Reg [Domain_1] VB #</Process><Process ToolSource="c:\program files (x86)\arcgis\desktop10.6\ArcToolbox\Toolboxes\Data Management Tools.tbx\CalculateField" Date="20180725" Time="111609">CalculateField ArchaeoGLOBE_Regions Archaeo_ID [ID] VB #</Process><Process ToolSource="c:\program files (x86)\arcgis\desktop10.6\ArcToolbox\Toolboxes\Data Management Tools.tbx\CalculateField" Date="20180725" Time="111738">CalculateField ArchaeoGLOBE_Regions Arch_Reg [Title] VB #</Process><Process ToolSource="c:\program files (x86)\arcgis\desktop10.6\ArcToolbox\Toolboxes\Data Management Tools.tbx\CalculateField" Date="20180725" Time="111823">CalculateField ArchaeoGLOBE_Regions Arch_Reg [Title] VB #</Process><Process ToolSource="c:\program files (x86)\arcgis\desktop10.6\ArcToolbox\Toolboxes\Data Management Tools.tbx\CalculateField" Date="20180725" Time="112349">CalculateField ArchaeoGLOBE_Regions Total_Area [Area] VB #</Process><Process ToolSource="c:\program files (x86)\arcgis\desktop10.6\ArcToolbox\Toolboxes\Analysis Tools.tbx\SpatialJoin" Date="20180725" Time="115856">SpatialJoin ArchaeoGLOBE_Regions LakesByRegion "C:\Users\Lucas\Desktop\Land Cover 6k\Data\ArchaeoGLOBE_Regions_Joined.shp" JOIN_ONE_TO_ONE KEEP_ALL "World_ID "World_ID" true true false 5 Long 0 5 ,First,#,ArchaeoGLOBE_Regions,World_ID,-1,-1;Land_Area "Land_Area" true true false 13 Float 0 0 ,First,#,ArchaeoGLOBE_Regions,Land_Area,-1,-1;World_Reg "World_Reg" true true false 50 Text 0 0 ,First,#,ArchaeoGLOBE_Regions,World_Reg,-1,-1;Archaeo_ID "Archaeo_ID" true true false 5 Long 0 5 ,First,#,ArchaeoGLOBE_Regions,Archaeo_ID,-1,-1;Arch_Reg "Arch_Reg" true true false 100 Text 0 0 ,First,#,ArchaeoGLOBE_Regions,Arch_Reg,-1,-1;Total_Area "Total_Area" true true false 13 Float 0 0 ,First,#,ArchaeoGLOBE_Regions,Total_Area,-1,-1;Water_Area "Water_Area" true true false 13 Float 0 0 ,Sum,#,LakesByRegion,Water_Area,-1,-1" CONTAINS # #</Process><Process ToolSource="c:\program files (x86)\arcgis\desktop10.6\ArcToolbox\Toolboxes\Data Management Tools.tbx\CalculateField" Date="20180725" Time="120903">CalculateField ArchaeoGLOBE_Regions_Joined Land_Area "[Total_Area] - [Water_Area]" VB #</Process><Process ToolSource="c:\program files (x86)\arcgis\desktop10.6\ArcToolbox\Toolboxes\Data Management Tools.tbx\Sort" Date="20180725" Time="121528">Sort ArchaeoGLOBE_Regions "C:\Users\Lucas\Desktop\Land Cover 6k\Data\ArchaeoGLOBE Regions\ArchaeGLOBE_Regions_Sort.shp" "Archaeo_ID ASCENDING" UR</Process><Process ToolSource="c:\program files (x86)\arcgis\desktop10.6\ArcToolbox\Toolboxes\Data Management Tools.tbx\CalculateField" Date="20180725" Time="162006">CalculateField ArchaeGLOBE_Regions Archaeo_RG [Arch_Reg] VB #</Process><Process ToolSource="c:\program files (x86)\arcgis\desktop10.6\ArcToolbox\Toolboxes\Data Management Tools.tbx\CalculateField" Date="20180725" Time="162117">CalculateField ArchaeGLOBE_Regions World_RG [World_Reg] VB #</Process><Process ToolSource="c:\program files (x86)\arcgis\desktop10.6\ArcToolbox\Toolboxes\Analysis Tools.tbx\SpatialJoin" Date="20180725" Time="162708">SpatialJoin ArchaeGLOBE_Regions ne_10m_lakes_Identity "C:\Users\Lucas\Desktop\Land Cover 6k\Data\ArchaeoGLOBE Regions\ArchaeGLOBE_Regions_Join.shp" JOIN_ONE_TO_ONE KEEP_ALL "World_ID "World_ID" true true false 10 Long 0 10 ,First,#,ArchaeGLOBE_Regions,World_ID,-1,-1;World_RG "World_RG" true true false 50 Text 0 0 ,First,#,ArchaeGLOBE_Regions,World_RG,-1,-1;Archaeo_ID "Archaeo_ID" true true false 10 Long 0 10 ,First,#,ArchaeGLOBE_Regions,Archaeo_ID,-1,-1;Archaeo_RG "Archaeo_RG" true true false 100 Text 0 0 ,First,#,ArchaeGLOBE_Regions,Archaeo_RG,-1,-1;Total_Area "Total_Area" true true false 13 Float 0 0 ,First,#,ArchaeGLOBE_Regions,Total_Area,-1,-1;Land_Area "Land_Area" true true false 13 Float 0 0 ,First,#,ArchaeGLOBE_Regions,Land_Area,-1,-1;WaterArea "WaterArea" true true false 13 Float 0 0 ,Sum,#,ne_10m_lakes_Identity,WaterArea,-1,-1" CONTAINS # #</Process><Process ToolSource="c:\program files (x86)\arcgis\desktop10.6\ArcToolbox\Toolboxes\Data Management Tools.tbx\CalculateField" Date="20180725" Time="162815">CalculateField ArchaeGLOBE_Regions_Join Land_Area "[Total_Area] - [WaterArea]" VB #</Process></lineage><itemProps><itemName Sync="TRUE">ArchaeGLOBE_Regions_Join</itemName><imsContentType Sync="TRUE">002</imsContentType><itemSize Sync="TRUE">0.000</itemSize><itemLocation><linkage Sync="TRUE">file://\\LUCAS\Users\Lucas\Desktop\Land Cover 6k\Data\ArchaeoGLOBE Regions\ArchaeGLOBE_Regions_Join.shp</linkage><protocol Sync="TRUE">Local Area Network</protocol></itemLocation></itemProps><coordRef><type Sync="TRUE">Projected</type><geogcsn Sync="TRUE">GCS_WGS_1984</geogcsn><csUnits Sync="TRUE">Linear Unit: Meter (1.000000)</csUnits><projcsn Sync="TRUE">World_Eckert_IV</projcsn><peXml Sync="TRUE">&lt;ProjectedCoordinateSystem xsi:type='typens:ProjectedCoordinateSystem' xmlns:xsi='http://www.w3.org/2001/XMLSchema-instance' xmlns:xs='http://www.w3.org/2001/XMLSchema' xmlns:typens='http://www.esri.com/schemas/ArcGIS/10.6'&gt;&lt;WKT&gt;PROJCS[&amp;quot;World_Eckert_IV&amp;quot;,GEOGCS[&amp;quot;GCS_WGS_1984&amp;quot;,DATUM[&amp;quot;D_WGS_1984&amp;quot;,SPHEROID[&amp;quot;WGS_1984&amp;quot;,6378137.0,298.257223563]],PRIMEM[&amp;quot;Greenwich&amp;quot;,0.0],UNIT[&amp;quot;Degree&amp;quot;,0.0174532925199433]],PROJECTION[&amp;quot;Eckert_IV&amp;quot;],PARAMETER[&amp;quot;False_Easting&amp;quot;,0.0],PARAMETER[&amp;quot;False_Northing&amp;quot;,0.0],PARAMETER[&amp;quot;Central_Meridian&amp;quot;,0.0],UNIT[&amp;quot;Meter&amp;quot;,1.0],AUTHORITY[&amp;quot;Esri&amp;quot;,54012]]&lt;/WKT&gt;&lt;XOrigin&gt;-16921400&lt;/XOrigin&gt;&lt;YOrigin&gt;-8460800&lt;/YOrigin&gt;&lt;XYScale&gt;266148169.02682373&lt;/XYScale&gt;&lt;ZOrigin&gt;-100000&lt;/ZOrigin&gt;&lt;ZScale&gt;10000&lt;/ZScale&gt;&lt;MOrigin&gt;-100000&lt;/MOrigin&gt;&lt;MScale&gt;10000&lt;/MScale&gt;&lt;XYTolerance&gt;0.001&lt;/XYTolerance&gt;&lt;ZTolerance&gt;0.001&lt;/ZTolerance&gt;&lt;MTolerance&gt;0.001&lt;/MTolerance&gt;&lt;HighPrecision&gt;true&lt;/HighPrecision&gt;&lt;WKID&gt;54012&lt;/WKID&gt;&lt;LatestWKID&gt;54012&lt;/LatestWKID&gt;&lt;/ProjectedCoordinateSystem&gt;</peXml></coordRef><copyHistory><copy source="C:\Users\Lucas\Desktop\Land Cover 6k\Data\ArchaeoGLOBE_Regions_Joined" dest="\\LUCAS\Users\Lucas\Desktop\Land Cover 6k\Data\ArchaeoGLOBE Regions\ArchaeoGLOBE_Regions_Joined" date="20180725" time="12102600"></copy></copyHistory></DataProperties><SyncDate>20180725</SyncDate><SyncTime>16270500</SyncTime><ModDate>20180725</ModDate><ModTime>16270500</ModTime></Esri><dataIdInfo><envirDesc Sync="TRUE"> Version 6.2 (Build 9200) ; Esri ArcGIS 10.6.0.8151</envirDesc><dataLang><languageCode value="eng" Sync="TRUE"></languageCode><countryCode value="USA" Sync="TRUE"></countryCode></dataLang><idCitation><resTitle Sync="TRUE">ArchaeGLOBE_Regions_Join</resTitle><presForm><PresFormCd value="005" Sync="TRUE"></PresFormCd></presForm></idCitation><spatRpType><SpatRepTypCd value="001" Sync="TRUE"></SpatRepTypCd></spatRpType></dataIdInfo><mdLang><languageCode value="eng" Sync="TRUE"></languageCode><countryCode value="USA" Sync="TRUE"></countryCode></mdLang><mdChar><CharSetCd value="004" Sync="TRUE"></CharSetCd></mdChar><distInfo><distFormat><formatName Sync="TRUE">Shapefile</formatName></distFormat><distTranOps><transSize Sync="TRUE">0.000</transSize></distTranOps></distInfo><mdHrLv><ScopeCd value="005" Sync="TRUE"></ScopeCd></mdHrLv><mdHrLvName Sync="TRUE">dataset</mdHrLvName><refSysInfo><RefSystem><refSysID><identCode code="54012" Sync="TRUE"></identCode><idCodeSpace Sync="TRUE">Esri</idCodeSpace><idVersion Sync="TRUE">3.0.1</idVersion></refSysID></RefSystem></refSysInfo><spatRepInfo><VectSpatRep><geometObjs Name="ArchaeGLOBE_Regions_Join"><geoObjTyp><GeoObjTypCd value="002" Sync="TRUE"></GeoObjTypCd></geoObjTyp><geoObjCnt Sync="TRUE">0</geoObjCnt></geometObjs><topLvl><TopoLevCd value="001" Sync="TRUE"></TopoLevCd></topLvl></VectSpatRep></spatRepInfo><spdoinfo><ptvctinf><esriterm Name="ArchaeGLOBE_Regions_Join"><efeatyp Sync="TRUE">Simple</efeatyp><efeageom code="4" Sync="TRUE"></efeageom><esritopo Sync="TRUE">FALSE</esritopo><efeacnt Sync="TRUE">0</efeacnt><spindex Sync="TRUE">FALSE</spindex><linrefer Sync="TRUE">FALSE</linrefer></esriterm></ptvctinf></spdoinfo><eainfo><detailed Name="ArchaeGLOBE_Regions_Join"><enttyp><enttypl Sync="TRUE">ArchaeGLOBE_Regions_Join</enttypl><enttypt Sync="TRUE">Feature Class</enttypt><enttypc Sync="TRUE">0</enttypc></enttyp><attr><attrlabl Sync="TRUE">FID</attrlabl><attalias Sync="TRUE">FID</attalias><attrtype Sync="TRUE">OID</attrtype><attwidth Sync="TRUE">4</attwidth><atprecis Sync="TRUE">0</atprecis><attscale Sync="TRUE">0</attscale><attrdef Sync="TRUE">Internal feature number.</attrdef><attrdefs Sync="TRUE">Esri</attrdefs><attrdomv><udom Sync="TRUE">Sequential unique whole numbers that are automatically generated.</udom></attrdomv></attr><attr><attrlabl Sync="TRUE">Shape</attrlabl><attalias Sync="TRUE">Shape</attalias><attrtype Sync="TRUE">Geometry</attrtype><attwidth Sync="TRUE">0</attwidth><atprecis Sync="TRUE">0</atprecis><attscale Sync="TRUE">0</attscale><attrdef Sync="TRUE">Feature geometry.</attrdef><attrdefs Sync="TRUE">Esri</attrdefs><attrdomv><udom Sync="TRUE">Coordinates defining the features.</udom></attrdomv></attr><attr><attrlabl Sync="TRUE">Join_Count</attrlabl><attalias Sync="TRUE">Join_Count</attalias><attrtype Sync="TRUE">Integer</attrtype><attwidth Sync="TRUE">10</attwidth><atprecis Sync="TRUE">10</atprecis><attscale Sync="TRUE">0</attscale></attr><attr><attrlabl Sync="TRUE">TARGET_FID</attrlabl><attalias Sync="TRUE">TARGET_FID</attalias><attrtype Sync="TRUE">Integer</attrtype><attwidth Sync="TRUE">10</attwidth><atprecis Sync="TRUE">10</atprecis><attscale Sync="TRUE">0</attscale></attr><attr><attrlabl Sync="TRUE">World_ID</attrlabl><attalias Sync="TRUE">World_ID</attalias><attrtype Sync="TRUE">Integer</attrtype><attwidth Sync="TRUE">10</attwidth><atprecis Sync="TRUE">10</atprecis><attscale Sync="TRUE">0</attscale></attr><attr><attrlabl Sync="TRUE">World_RG</attrlabl><attalias Sync="TRUE">World_RG</attalias><attrtype Sync="TRUE">String</attrtype><attwidth Sync="TRUE">50</attwidth><atprecis Sync="TRUE">0</atprecis><attscale Sync="TRUE">0</attscale></attr><attr><attrlabl Sync="TRUE">Land_Area</attrlabl><attalias Sync="TRUE">Land_Area</attalias><attrtype Sync="TRUE">Single</attrtype><attwidth Sync="TRUE">13</attwidth><atprecis Sync="TRUE">0</atprecis><attscale Sync="TRUE">0</attscale></attr><attr><attrlabl Sync="TRUE">Archaeo_RG</attrlabl><attalias Sync="TRUE">Archaeo_RG</attalias><attrtype Sync="TRUE">String</attrtype><attwidth Sync="TRUE">100</attwidth><atprecis Sync="TRUE">0</atprecis><attscale Sync="TRUE">0</attscale></attr><attr><attrlabl Sync="TRUE">Archaeo_ID</attrlabl><attalias Sync="TRUE">Archaeo_ID</attalias><attrtype Sync="TRUE">Integer</attrtype><attwidth Sync="TRUE">10</attwidth><atprecis Sync="TRUE">10</atprecis><attscale Sync="TRUE">0</attscale></attr><attr><attrlabl Sync="TRUE">Total_Area</attrlabl><attalias Sync="TRUE">Total_Area</attalias><attrtype Sync="TRUE">Single</attrtype><attwidth Sync="TRUE">13</attwidth><atprecis Sync="TRUE">0</atprecis><attscale Sync="TRUE">0</attscale></attr><attr><attrlabl Sync="TRUE">WaterArea</attrlabl><attalias Sync="TRUE">WaterArea</attalias><attrtype Sync="TRUE">Single</attrtype><attwidth Sync="TRUE">13</attwidth><atprecis Sync="TRUE">0</atprecis><attscale Sync="TRUE">0</attscale></attr></detailed></eainfo><mdDateSt Sync="TRUE">20180725</mdDateSt></metadata>
